カラーミー商品ID,商品名,取得元URL,枚数,マージン率,価格更新,在庫連動,在庫数量,表示連動,現在価格,為替種類,為替レート,取得元価格,取得通貨,計算価格,差額,最終更新
189028637,"2026  ブリタニア イギリス  ２ポンド  1オンス  新品未使用   地金型銀貨 【100枚】  (コインケース付)",,100,1.1
189028622,"2026  ブリタニア イギリス  ２ポンド  1オンス  新品未使用   地金型銀貨 【25枚】  (コインケース付)",,25,1.1
189028594,"2026  ブリタニア イギリス  ２ポンド  1オンス  新品未使用   地金型銀貨 【10枚】  (コインケース付)",,10,1.1
189028536,"2026  ブリタニア イギリス  ２ポンド  1オンス  新品未使用   地金型銀貨 【5枚】  (コインケース付)",,5,1.1
188277095,"2025   ウィーン オーストリア  1オンス  新品未使用   地金型プラチナ貨 【1枚】  (コインケース付)",,1,1.1
188276961,"2025  メイプルリーフ カナダ  1オンス  新品未使用   地金型プラチナ貨 【1枚】  (コインケース付)",,1,1.1
188276734,"2025  ブリタニア イギリス  1オンス  新品未使用   地金型プラチナ貨 【1枚】  (コインケース付)",,1,1.1
188254125,"PAMP スイス 100g ゴールドインゴッド  新品未使用【1本】",,1,1.1
188254025,"PAMP スイス 50g ゴールドインゴッド  新品未使用【1本】",,1,1.1
188253979,"PAMP スイス 20g ゴールドインゴッド  新品未使用【1本】",,1,1.1
188249469,"PAMP スイス 10g ゴールドインゴッド  新品未使用【1本】",,1,1.1
188248855,"PAMP スイス 5g ゴールドインゴッド  新品未使用【1本】",,1,1.1
188248807,"PAMP スイス 1g ゴールドインゴッド 新品未使用【1本】",,1,1.1
188114485,"ヴァルカンビ  スイス 1g シルバーインゴッド　新品未使用【100個】",,100,1.1
188113249,"ナディール トルコ 5kg シルバーインゴッド 新品未使用【1本】",,1,1.1
188113238,"ナディール トルコ 500g シルバーインゴッド 新品未使用【1本】",,1,1.1
188113224,"ナディール トルコ 1kg シルバーインゴッド 新品未使用【1本】",,1,1.1
188112482,"9ファインミント アメリカ 1kg シルバーバーインゴッド 新品未使用【1本】",,1,1.1
188109003,"2021  クイーンズビースト コンプリーター イギリス 1オンス 新品未使用 地金型金貨 【3枚】(コインケース・簡易箱付)",,3,1.1
188108641,"2021  クイーンズビースト コンプリーター イギリス 1オンス 新品未使用 地金型金貨 【1枚】(コインケース・簡易箱付)",,1,1.1
187673490,"2025 クルーガーランド 南アフリカ　1オンス 新品未使用  地金型銀貨【1枚】  (コインケース付)",,1,1.1
187673489,"2025 カンガルー オーストラリア  100ドル 1オンス 新品未使用 地金型金貨 【3枚】(コインケース・簡易箱付)",,3,1.1
187673488,"2025 カンガルー オーストラリア  100ドル 1オンス 新品未使用 地金型金貨 【1枚】(コインケース・簡易箱付)",,1,1.1
187673487,"2025 イーグル アメリカ  50ドル 1オンス 新品未使用 地金型金貨 【3枚】(コインケース・簡易箱付)",,3,1.1
187673486,"2025 イーグル アメリカ  50ドル 1オンス 新品未使用 地金型金貨 【1枚】(コインケース・簡易箱付)",,1,1.1
187673485,"2025  ブリタニア イギリス  100ポンド  1オンス  新品未使用 地金型金貨 【3枚】(コインケース・簡易箱付)",,3,1.1
187673484,"2025  ブリタニア イギリス  100ポンド  1オンス  新品未使用 地金型金貨 【1枚】(コインケース・簡易箱付)",,1,1.1
187673483,"2025 ウィーン オーストリア 100ユーロ  1オンス 新品未使用 地金型金貨 【3枚】(コインケース・簡易箱付)",,3,1.1
187673482,"2025 ウィーン オーストリア  100ユーロ  1オンス 新品未使用 地金型金貨 【1枚】(コインケース・簡易箱付)",,1,1.1
187673481,"2025 メイプルリーフ カナダ  50ドル  1オンス 新品未使用  地金型金貨 【3枚】 (コインケース・簡易箱付)",,3,1.1
187673480,"2025 メイプルリーフ カナダ  50ドル  1オンス 新品未使用  地金型金貨 【1枚】 (コインケース・簡易箱付)",,1,1.1
187673478,"2025 パンダ 中国  10元 30g 新品未使用 地金型銀貨 【1枚】 (コインケース付)",,1,1.1
187673477,"2025 カワセミ オーストラリア  1ドル 1オンス 新品未使用 地金型銀貨 【20枚】 (コインケース・コインチューブ付)",,20,1.1
187673476,"2025 カワセミ オーストラリア  1ドル 1オンス 新品未使用 地金型銀貨 【5枚】 (コインケース・コインチューブ付)",,5,1.1
187673475,"2025 カワセミ オーストラリア  1ドル 1オンス 新品未使用 地金型銀貨 【1枚】 (コインケース・コインチューブ付)",,1,1.1
187673474,"2025 コアラ オーストラリア  1ドル 1オンス 新品未使用 地金型銀貨 【20枚】 (コインチューブ付)",,20,1.1
187673473,"2025 コアラ オーストラリア  1ドル 1オンス 新品未使用 地金型銀貨 【5枚】 (コインケース付)",,5,1.1
187673471,"2025 コアラ オーストラリア  1ドル 1オンス 新品未使用 地金型銀貨 【1枚】 (コインケース付)",,1,1.1
187673470,"2025 カンガルー オーストラリア  1ドル 1オンス 新品未使用 地金型銀貨 【20枚】 (コインチューブ付)",,20,1.1
187673469,"2025 カンガルー オーストラリア  1ドル 1オンス 新品未使用 地金型銀貨 【5枚】 (コインケース付)",,5,1.1
187673468,"2025 カンガルー オーストラリア  1ドル 1オンス 新品未使用 地金型銀貨 【1枚】 (コインケース付)",,1,1.1
187673467,"2025 イーグル アメリカ   1ドル 1オンス  新品未使用 地金型銀貨 【500枚】  （モンスターボックス付）",,500,1.1
187673466,"2025 イーグル アメリカ   1ドル 1オンス  新品未使用 地金型銀貨 【100枚】  （コインチューブ付）",,100,1.1
187673465,"2025 イーグル アメリカ   1ドル 1オンス  新品未使用  地金型銀貨 【20枚】  （コインチューブ付）",,20,1.1
187673464,"2025 イーグル アメリカ   1ドル 1オンス  新品未使用  地金型銀貨 【10枚】   (コインケース付)",,10,1.1
187673463,"2025 イーグル アメリカ   1ドル 1オンス  新品未使用  地金型銀貨 【5枚】   (コインケース付)",,5,1.1
187673462,"2025 イーグル アメリカ   1ドル 1オンス  新品未使用  地金型銀貨 【1枚】   (コインケース付)",,1,1.1
187673461,"2025  ブリタニア イギリス  ２ポンド  1オンス  新品未使用   地金型銀貨 【500枚】（モンスターボックス付）",,500,1.1
187673460,"2025  ブリタニア イギリス  ２ポンド  1オンス  新品未使用   地金型銀貨 【100枚】（コインチューブ付）",,100,1.1
187673459,"2025  ブリタニア イギリス  ２ポンド  1オンス  新品未使用   地金型銀貨 【25枚】（コインチューブ付）",,25,1.1
