トラッキング状態,ショップ名,商品名,URL
ON,Bullionstar,Silver Canadian Maple 1oz 2025,https://www.bullionstar.com/buy/product/silver-coin-canadian-maple-1oz-2025
ON,Bullionstar,Silver Austrian Philharmonic 1oz 2025,https://www.bullionstar.com/buy/product/silver-coin-austrian-philharmonic-1oz-2025
ON,Bullionstar,Silver UK Britannia 1oz 2025,https://www.bullionstar.com/buy/product/silver-coin-uk-britannia-1oz-2025
ON,Bullionstar,Silver UK Britannia 1oz 2026,https://www.bullionstar.com/buy/product/silver-coin-uk-britannia-1oz-2026
ON,APMEX,Silver American Eagle 1oz 2025,https://www.apmex.com/product/299042/2025-1-oz-american-silver-eagle-coin-bu
ON,Bullionstar,Silver Australia Kangaroo 1oz 2025,https://www.bullionstar.com/buy/product/silver-coin-australia-kangaroo-1oz-2025
ON,Bullionstar,Silver Australian Koala 1oz 2025,https://www.bullionstar.com/buy/product/silver-coin-australian-koala-1oz-2025
ON,Bullionstar,Silver Australian Kookaburra 1oz 2025,https://www.bullionstar.com/buy/product/silver-coin-australian-kookaburra-1oz-2025
ON,Bullionstar,Gold Canadian Maple 1oz 2025,https://www.bullionstar.com/buy/product/gold-coin-canadian-maple-1oz-2025
ON,Bullionstar,Gold Austrian Philharmonic 1oz 2025,https://www.bullionstar.com/buy/product/gold-coin-austrian-philharmonic-1oz-2025
ON,Bullionstar,Gold UK Britannia 1oz 2025,https://www.bullionstar.com/buy/product/gold-coin-uk-britannia-1oz-2025
ON,APMEX,Gold American Eagle 1oz 2025,https://www.apmex.com/product/299034/2025-1-oz-american-gold-eagle-bu
ON,Bullionstar,Gold UK Queens Beast Completer 1oz,https://www.bullionstar.com/buy/product/gold-coin-uk-queens-beast-completer-coin-1oz
ON,APMEX,Silver Bar 1 Kilo Cast-Poured,https://www.apmex.com/product/156276/1-kilo-cast-poured-silver-bar-9fine-mint
ON,Bullionstar,Silver Nadir 1000g,https://www.bullionstar.com/buy/product/nadir1000g
ON,Bullionstar,Silver Nadir 500g,https://www.bullionstar.com/buy/product/nadir500g
ON,Bullionstar,Silver Nadir 5kg,https://www.bullionstar.com/buy/product/nadir-5kg
ON,Bullionstar,Silver Valcambi Combibar 100g,https://www.bullionstar.com/buy/product/silver-valcambi-combibar-100g
ON,Bullionstar,Gold PAMP 1g,https://www.bullionstar.com/buy/product/gold-pamp-1-g
ON,Bullionstar,Gold PAMP 5g,https://www.bullionstar.com/buy/product/gold-pamp-5g
ON,Bullionstar,Gold PAMP 10g,https://www.bullionstar.com/buy/product/gold-pamp-10g
ON,Bullionstar,Gold PAMP 20g,https://www.bullionstar.com/buy/product/gold-pamp-20g
ON,Bullionstar,Gold PAMP 50g,https://www.bullionstar.com/buy/product/gold-pamp-50g
ON,Bullionstar,Gold PAMP 100g,https://www.bullionstar.com/buy/product/gold-pamp-100g
ON,Bullionstar,Platinum UK Britannia 1oz 2025,https://www.bullionstar.com/buy/product/platinum-coin-uk-britannia-1oz-2025
ON,Bullionstar,Platinum Canadian Maple 1oz 2025,https://www.bullionstar.com/buy/product/platinum-coin-canadian-maple-one-oz-2025
ON,Bullionstar,Platinum Austrian Philharmonic 1oz 2025,https://www.bullionstar.com/buy/product/platinum-coin-austrian-philharmonic-1oz-2025
